"1"	"D0-Blank-00um-1"
"2"	"D0-Blank-00um-2"
"3"	"D0-Blank-022um-1"
"4"	"D0-Blank-022um-2"
"5"	"D10-Blank-022um-1"
"6"	"D10-Blank-022um-2"
"7"	"D17-Blank-022um-1"
"8"	"D17-Blank-022um-2"
"9"	"D24-Blank-022um-1"
"10"	"D24-Blank-022um-2"
"11"	"D3-Blank-022um-1"
"12"	"D3-Blank-022um-2"
"13"	"D3-Blank-03um-1"
"14"	"D3-Blank-03um-2"
"15"	"D31-Blank-022um-1"
"16"	"D31-Blank-022um-2"
"17"	"J1-D10-022um"
"18"	"J1-D17-022um"
"19"	"J1-D24-022um"
"20"	"J1-D3-022um"
"21"	"J1-D3-30um"
"22"	"J1-D31-022um"
"23"	"J10-D10-022um"
"24"	"J10-D17-022um"
"25"	"J10-D24-022um"
"26"	"J10-D3-022um"
"27"	"J10-D3-30um"
"28"	"J10-D31-022um"
"29"	"J11-D10-022um"
"30"	"J11-D17-022um"
"31"	"J11-D24-022um"
"32"	"J11-D3-022um"
"33"	"J11-D3-30um"
"34"	"J11-D31-022um"
"35"	"J12-D10-022um"
"36"	"J12-D17-022um"
"37"	"J12-D24-022um"
"38"	"J12-D3-022um"
"39"	"J12-D3-30um"
"40"	"J12-D31-022um"
"41"	"J13-D10-022um"
"42"	"J13-D17-022um"
"43"	"J13-D24-022um"
"44"	"J13-D3-022um"
"45"	"J13-D3-30um"
"46"	"J13-D31-022um"
"47"	"J14-D10-022um"
"48"	"J14-D17-022um"
"49"	"J14-D24-022um"
"50"	"J14-D3-022um"
"51"	"J14-D3-30um"
"52"	"J14-D31-022um"
"53"	"J15-D10-022um"
"54"	"J15-D17-022um"
"55"	"J15-D24-022um"
"56"	"J15-D3-022um"
"57"	"J15-D3-30um"
"58"	"J15-D31-022um"
"59"	"J16-D10-022um"
"60"	"J16-D17-022um"
"61"	"J16-D24-022um"
"62"	"J16-D3-022um"
"63"	"J16-D3-30um"
"64"	"J16-D31-022um"
"65"	"J17-D10-022um"
"66"	"J17-D17-022um"
"67"	"J17-D24-022um"
"68"	"J17-D3-022um"
"69"	"J17-D3-30um"
"70"	"J17-D31-022um"
"71"	"J18-D10-022um"
"72"	"J18-D17-022um"
"73"	"J18-D24-022um"
"74"	"J18-D3-022um"
"75"	"J18-D3-30um"
"76"	"J18-D31-022um"
"77"	"J19-D10-022um"
"78"	"J19-D17-022um"
"79"	"J19-D24-022um"
"80"	"J19-D3-022um"
"81"	"J19-D3-30um"
"82"	"J19-D31-022um"
"83"	"J2-D10-022um"
"84"	"J2-D17-022um"
"85"	"J2-D24-022um"
"86"	"J2-D3-022um"
"87"	"J2-D3-30um"
"88"	"J2-D31-022um"
"89"	"J20-D10-022um"
"90"	"J20-D17-022um"
"91"	"J20-D24-022um"
"92"	"J20-D3-022um"
"93"	"J20-D3-30um"
"94"	"J20-D31-022um"
"95"	"J21-D10-022um"
"96"	"J21-D17-022um"
"97"	"J21-D24-022um"
"98"	"J21-D3-022um"
"99"	"J21-D3-30um"
"100"	"J21-D31-022um"
"101"	"J22-D10-022um"
"102"	"J22-D17-022um"
"103"	"J22-D24-022um"
"104"	"J22-D3-022um"
"105"	"J22-D3-30um"
"106"	"J22-D31-022um"
"107"	"J23-D10-022um"
"108"	"J23-D17-022um"
"109"	"J23-D24-022um"
"110"	"J23-D3-022um"
"111"	"J23-D3-30um"
"112"	"J23-D31-022um"
"113"	"J24-D10-022um"
"114"	"J24-D17-022um"
"115"	"J24-D24-022um"
"116"	"J24-D3-022um"
"117"	"J24-D3-30um"
"118"	"J24-D31-022um"
"119"	"J25-D10-022um"
"120"	"J25-D17-022um"
"121"	"J25-D3-022um"
"122"	"J25-D3-30um"
"123"	"J25-D31-022um"
"124"	"J26-D10-022um"
"125"	"J26-D17-022um"
"126"	"J26-D24-022um-a"
"127"	"J26-D24-022um-b"
"128"	"J26-D3-022um"
"129"	"J26-D3-30um"
"130"	"J26-D31-022um"
"131"	"J27-D10-022um"
"132"	"J27-D17-022um"
"133"	"J27-D24-022um"
"134"	"J27-D3-022um"
"135"	"J27-D3-30um"
"136"	"J27-D31-022um"
"137"	"J28-D10-022um"
"138"	"J28-D17-022um"
"139"	"J28-D24-022um"
"140"	"J28-D3-022um"
"141"	"J28-D3-30um"
"142"	"J28-D31-022um"
"143"	"J29-D10-022um"
"144"	"J29-D17-022um"
"145"	"J29-D24-022um"
"146"	"J29-D3-022um"
"147"	"J29-D3-30um"
"148"	"J29-D31-022um"
"149"	"J3-D10-022um"
"150"	"J3-D17-022um"
"151"	"J3-D24-022um"
"152"	"J3-D3-022um"
"153"	"J3-D3-30um"
"154"	"J3-D31-022um"
"155"	"J30-D10-022um"
"156"	"J30-D17-022um"
"157"	"J30-D24-022um"
"158"	"J30-D3-022um"
"159"	"J30-D3-30um"
"160"	"J30-D31-022um"
"161"	"J31-D10-022um"
"162"	"J31-D17-022um"
"163"	"J31-D24-022um"
"164"	"J31-D3-022um"
"165"	"J31-D3-30um"
"166"	"J31-D31-022um"
"167"	"J32-D10-022um"
"168"	"J32-D3-022um"
"169"	"J32-D3-30um"
"170"	"J33-D10-022um"
"171"	"J33-D17-022um"
"172"	"J33-D24-022um"
"173"	"J33-D3-022um"
"174"	"J33-D3-30um"
"175"	"J33-D31-022um"
"176"	"J34-D10-022um"
"177"	"J34-D17-022um"
"178"	"J34-D24-022um"
"179"	"J34-D3-022um"
"180"	"J34-D3-30um"
"181"	"J34-D31-022um"
"182"	"J35-D10-022um"
"183"	"J35-D17-022um"
"184"	"J35-D24-022um"
"185"	"J35-D3-022um"
"186"	"J35-D3-30um"
"187"	"J35-D31-022um"
"188"	"J36-D10-022um"
"189"	"J36-D17-022um"
"190"	"J36-D24-022um"
"191"	"J36-D3-022um"
"192"	"J36-D3-30um"
"193"	"J37-D10-022um"
"194"	"J37-D17-022um"
"195"	"J37-D24-022um"
"196"	"J37-D3-022um"
"197"	"J37-D3-30um"
"198"	"J38-D10-022um"
"199"	"J38-D17-022um"
"200"	"J38-D24-022um"
"201"	"J38-D3-022um"
"202"	"J38-D3-30um"
"203"	"J38-D31-022um"
"204"	"J39-D10-022um-Box3"
"205"	"J39-D10-022um-Box8"
"206"	"J39-D24-022um"
"207"	"J39-D3-022um"
"208"	"J39-D3-30um"
"209"	"J39-D31-022um"
"210"	"J4-D10-022um"
"211"	"J4-D17-022um"
"212"	"J4-D24-022um"
"213"	"J4-D3-022um"
"214"	"J4-D3-30um"
"215"	"J4-D31-022um"
"216"	"J40-D10-022um"
"217"	"J40-D17-022um"
"218"	"J40-D24-022um"
"219"	"J40-D3-022um"
"220"	"J40-D3-30um"
"221"	"J40-D31-022um"
"222"	"J41-D10-022um"
"223"	"J41-D17-022um"
"224"	"J41-D24-022um"
"225"	"J41-D3-022um"
"226"	"J41-D3-30um"
"227"	"J41-D31-022um"
"228"	"J42-D10-022um"
"229"	"J42-D17-022um"
"230"	"J42-D24-022um"
"231"	"J42-D3-022um"
"232"	"J42-D3-30um"
"233"	"J42-D31-022um"
"234"	"J43-D10-022um"
"235"	"J43-D17-022um"
"236"	"J43-D24-022um"
"237"	"J43-D3-022um"
"238"	"J43-D3-30um"
"239"	"J43-D31-022um"
"240"	"J44-D10-022um"
"241"	"J44-D17-022um"
"242"	"J44-D24-022um"
"243"	"J44-D3-022um"
"244"	"J44-D3-30um"
"245"	"J44-D31-022um"
"246"	"J45-D10-022um"
"247"	"J45-D17-022um"
"248"	"J45-D24-022um"
"249"	"J45-D3-022um"
"250"	"J45-D3-30um"
"251"	"J45-D31-022um"
"252"	"J5-D10-022um"
"253"	"J5-D17-022um"
"254"	"J5-D24-022um"
"255"	"J5-D3-022um"
"256"	"J5-D3-30um"
"257"	"J5-D31-022um"
"258"	"J6-D10-022um"
"259"	"J6-D17-022um"
"260"	"J6-D24-022um"
"261"	"J6-D3-022um"
"262"	"J6-D3-30um"
"263"	"J6-D31-022um"
"264"	"J7-D10-022um"
"265"	"J7-D17-022um"
"266"	"J7-D24-022um"
"267"	"J7-D3-022um"
"268"	"J7-D3-30um"
"269"	"J7-D31-022um"
"270"	"J8-D10-022um"
"271"	"J8-D17-022um"
"272"	"J8-D24-022um"
"273"	"J8-D3-022um"
"274"	"J8-D3-30um"
"275"	"J8-D31-022um"
"276"	"J9-D10-022um"
"277"	"J9-D17-022um"
"278"	"J9-D24-022um"
"279"	"J9-D3-022um"
"280"	"J9-D3-30um"
"281"	"J9-D31-022um"
"282"	"P1-D0-R1-022um"
"283"	"P1-D0-R1-03um"
"284"	"P1-D0-R2-022um"
"285"	"P1-D0-R2-03um"
"286"	"P1-D0-R3-022um"
"287"	"P1-D0-R3-03um"
"288"	"P2-D0-R1-022um"
"289"	"P2-D0-R1-03um"
"290"	"P2-D0-R2-022um"
"291"	"P2-D0-R2-03um"
"292"	"P2-D0-R3-022um"
"293"	"P2-D0-R3-03um"
"294"	"P3-D0-R1-022um"
"295"	"P3-D0-R1-03um"
"296"	"P3-D0-R2-022um"
"297"	"P3-D0-R2-03um"
"298"	"P3-D0-R3-022um"
"299"	"P3-D0-R3-03um"
